title,year,runtime (min),genre,imdbRating,director,imdbVotes,grossProfit
The Kid,1921,68,"Comedy, Drama, Family",8.3,Charles Chaplin,113314,5450000
Sherlock Jr.,1924,45,"Action, Comedy, Romance",8.2,Buster Keaton,41985,977375
The Gold Rush,1925,95,"Adventure, Comedy, Drama",8.2,Charles Chaplin,101053,5450000
Bronenosets Potemkin,1925,75,"Drama, History, Thriller",8,Sergei M. Eisenstein,53054,50970
The General,1926,67,"Action, Adventure, Comedy",8.1,Clyde Bruckman,81156,1033895
Metropolis,1927,153,"Drama, Sci-Fi",8.3,Fritz Lang,159992,1236166
Sunrise: A Song of Two Humans,1927,94,"Drama, Romance",8.1,F.W. Murnau,46865,539540
La passion de Jeanne d'Arc,1928,110,"Biography, Drama, History",8.1,Carl Theodor Dreyer,47676,21877
All Quiet on the Western Front,1930,152,"Drama, War",8,Lewis Milestone,57318,3270000
City Lights,1931,87,"Comedy, Drama, Romance",8.5,Charles Chaplin,167839,19181
M - Eine Stadt sucht einen Mörder,1931,117,"Crime, Mystery, Thriller",8.3,Fritz Lang,143434,28877
King Kong,1933,100,"Adventure, Horror, Sci-Fi",7.9,Merian C. Cooper,78991,10000000
It Happened One Night,1934,105,"Comedy, Romance",8.1,Frank Capra,94016,4360000
A Night at the Opera,1935,96,"Comedy, Music, Musical",7.9,Sam Wood,30580,2537520
Bride of Frankenstein,1935,75,"Drama, Horror, Sci-Fi",7.8,James Whale,43542,4360000
Modern Times,1936,87,"Comedy, Drama, Family",8.5,Charles Chaplin,217881,163245
La Grande Illusion,1937,113,"Drama, War",8.1,Jean Renoir,33829,172885
The Adventures of Robin Hood,1938,102,"Action, Adventure, Romance",7.9,Michael Curtiz,47175,3981000
Mr. Smith Goes to Washington,1939,129,"Comedy, Drama",8.1,Frank Capra,107017,9600000
Gone with the Wind,1939,238,"Drama, History, Romance",8.1,Victor Fleming,290074,198676459
The Wizard of Oz,1939,102,"Adventure, Family, Fantasy",8,Victor Fleming,371379,2076020
The Great Dictator,1940,125,"Comedy, Drama, War",8.4,Charles Chaplin,203150,288475
The Shop Around the Corner,1940,99,"Comedy, Drama, Romance",8.1,Ernst Lubitsch,28450,203300
Rebecca,1940,130,"Drama, Mystery, Romance",8.1,Alfred Hitchcock,123942,4360000
The Grapes of Wrath,1940,129,"Drama, History",8,John Ford,85559,55000
His Girl Friday,1940,92,"Comedy, Drama, Romance",7.9,Howard Hawks,53667,296000
Fantasia,1940,125,"Animation, Family, Fantasy",7.7,James Algar,88662,76408097
Citizen Kane,1941,119,"Drama, Mystery",8.3,Orson Welles,403351,1585634
The Maltese Falcon,1941,100,"Film-Noir, Mystery",8,John Huston,148928,2108060
Casablanca,1942,102,"Drama, Romance, War",8.5,Michael Curtiz,522093,1024560
Double Indemnity,1944,107,"Crime, Drama, Film-Noir",8.3,Billy Wilder,143525,5720000
Laura,1944,88,"Drama, Film-Noir, Mystery",8,Otto Preminger,42725,4360000
The Lost Weekend,1945,101,"Drama, Film-Noir",7.9,Billy Wilder,33549,9460000
The Best Years of Our Lives,1946,170,"Drama, Romance, War",8,William Wyler,57259,23650000
Notorious,1946,102,"Drama, Film-Noir, Romance",7.9,Alfred Hitchcock,92306,10464000
The Big Sleep,1946,114,"Crime, Film-Noir, Mystery",7.9,Howard Hawks,78796,6540000
Miracle on 34th Street,1947,96,"Comedy, Drama, Family",7.9,George Seaton,41625,2650000
Ladri di biciclette,1948,89,Drama,8.3,Vittorio De Sica,146427,332930
The Treasure of the Sierra Madre,1948,126,"Adventure, Drama, Western",8.2,John Huston,114304,5014000
The Red Shoes,1948,135,"Drama, Music, Romance",8.1,Michael Powell,30935,10900000
The Third Man,1949,104,"Film-Noir, Mystery, Thriller",8.1,Carol Reed,158731,449191
Rashômon,1950,88,"Crime, Drama, Mystery",8.2,Akira Kurosawa,152572,96568
All About Eve,1950,138,Drama,8.2,Joseph L. Mankiewicz,120539,10177
Ace in the Hole,1951,111,"Drama, Film-Noir",8.1,Billy Wilder,31568,3969893
A Streetcar Named Desire,1951,122,Drama,8,Elia Kazan,99182,8000000
Strangers on a Train,1951,101,"Crime, Film-Noir, Thriller",7.9,Alfred Hitchcock,123341,7630000
The African Queen,1951,105,"Adventure, Drama, Romance",7.7,John Huston,71481,536118
Singin' in the Rain,1952,103,"Comedy, Musical, Romance",8.3,Stanley Donen,218957,8819028
Ikiru,1952,143,Drama,8.3,Akira Kurosawa,68463,55240
High Noon,1952,85,"Drama, Thriller, Western",7.9,Fred Zinnemann,97222,9450000
The Quiet Man,1952,129,"Comedy, Drama, Romance",7.7,John Ford,34677,10550000
From Here to Eternity,1953,118,"Drama, Romance, War",7.6,Fred Zinnemann,43374,30500000
Shichinin no samurai,1954,207,"Action, Adventure, Drama",8.6,Akira Kurosawa,315744,269061
Rear Window,1954,112,"Mystery, Thriller",8.4,Alfred Hitchcock,444074,36764313
Dial M for Murder,1954,105,"Crime, Thriller",8.2,Alfred Hitchcock,158335,12562
On the Waterfront,1954,108,"Crime, Drama, Thriller",8.1,Elia Kazan,142107,9600000
Du rififi chez les hommes,1955,118,"Crime, Drama, Thriller",8.2,Jules Dassin,28810,57226
The Night of the Hunter,1955,92,"Crime, Drama, Film-Noir",8,Charles Laughton,81980,654000
The Ten Commandments,1956,220,"Adventure, Drama",7.9,Cecil B. DeMille,63560,93740000
12 Angry Men,1957,96,"Crime, Drama",9,Sidney Lumet,689845,4360000
Witness for the Prosecution,1957,116,"Crime, Drama, Mystery",8.4,Billy Wilder,108862,8175000
Le notti di Cabiria,1957,110,Drama,8.1,Federico Fellini,42940,752045
The Bridge on the River Kwai,1957,161,"Adventure, Drama, War",8.1,David Lean,203463,44908000
Vertigo,1958,128,"Mystery, Romance, Thriller",8.3,Alfred Hitchcock,364368,3200000
Touch of Evil,1958,95,"Crime, Drama, Film-Noir",8,Orson Welles,98431,2237659
Cat on a Hot Tin Roof,1958,108,Drama,8,Richard Brooks,45062,17570324
North by Northwest,1959,136,"Adventure, Mystery, Thriller",8.3,Alfred Hitchcock,299198,13275000
Some Like It Hot,1959,121,"Comedy, Music, Romance",8.2,Billy Wilder,243943,25000000
Ben-Hur,1959,212,"Adventure, Drama, History",8.1,William Wyler,219466,74700000
Rio Bravo,1959,141,"Action, Drama, Western",8,Howard Hawks,56305,12535000
Anatomy of a Murder,1959,161,"Crime, Drama, Mystery",8,Otto Preminger,59847,11900000
Hiroshima mon amour,1959,90,"Drama, Romance",7.9,Alain Resnais,28421,88300
Psycho,1960,109,"Horror, Mystery, Thriller",8.5,Alfred Hitchcock,604211,32000000
The Apartment,1960,125,"Comedy, Drama, Romance",8.3,Billy Wilder,164363,18600000
Jungfrukällan,1960,89,Drama,8.1,Ingmar Bergman,26697,1526000
La dolce vita,1960,174,"Comedy, Drama",8,Federico Fellini,66621,19516000
Spartacus,1960,197,"Adventure, Biography, Drama",7.9,Stanley Kubrick,124339,30000000
À bout de souffle,1960,90,"Crime, Drama",7.8,Jean-Luc Godard,73251,336705
Peeping Tom,1960,101,"Drama, Horror, Thriller",7.7,Michael Powell,31354,83957
The Magnificent Seven,1960,128,"Action, Adventure, Western",7.7,John Sturges,87719,4905000
Les yeux sans visage,1960,90,"Drama, Horror",7.7,Georges Franju,27620,52709
The Hustler,1961,134,"Drama, Sport",8,Robert Rossen,75067,8284000
The Innocents,1961,100,Horror,7.8,Jack Clayton,27007,2616000
Lawrence of Arabia,1962,228,"Adventure, Biography, Drama",8.3,David Lean,268085,44824144
What Ever Happened to Baby Jane?,1962,134,"Drama, Horror, Thriller",8.1,Robert Aldrich,50058,4050000
The Longest Day,1962,178,"Action, Drama, History",7.8,Ken Annakin,52141,39100000
The Great Escape,1963,172,"Adventure, Drama, History",8.2,John Sturges,224730,12100000
8½,1963,138,Drama,8,Federico Fellini,108844,50690
Charade,1963,113,"Comedy, Mystery, Romance",7.9,Stanley Donen,68689,13474588
The Birds,1963,119,"Drama, Horror, Mystery",7.7,Alfred Hitchcock,171739,11403529
Dr. Strangelove or: How I Learned to Stop Worrying and Love the Bomb,1964,95,Comedy,8.4,Stanley Kubrick,450474,275902
Per un pugno di dollari,1964,99,"Action, Drama, Western",8,Sergio Leone,198219,14500000
My Fair Lady,1964,170,"Drama, Family, Musical",7.8,George Cukor,86525,72000000
Mary Poppins,1964,139,"Comedy, Family, Fantasy",7.8,Robert Stevenson,158029,102272727
Goldfinger,1964,110,"Action, Adventure, Thriller",7.7,Guy Hamilton,174119,51081062
A Hard Day's Night,1964,87,"Comedy, Music, Musical",7.6,Richard Lester,40351,13780024
Per qualche dollaro in più,1965,132,Western,8.3,Sergio Leone,232772,15000000
The Sound of Music,1965,172,"Biography, Drama, Family",8,Robert Wise,205425,163214286
Doctor Zhivago,1965,197,"Drama, Romance, War",8,David Lean,69903,111722000
"Il buono, il brutto, il cattivo",1966,161,Western,8.8,Sergio Leone,688390,6100000
Andrei Rublev,1966,205,"Biography, Drama, History",8.1,Andrei Tarkovsky,46947,102021
La battaglia di Algeri,1966,121,"Drama, War",8.1,Gillo Pontecorvo,53089,55908
A Man for All Seasons,1966,120,"Biography, Drama, History",7.7,Fred Zinnemann,31222,28350000
Le samouraï,1967,105,"Crime, Drama, Mystery",8.1,Jean-Pierre Melville,45434,39481
Cool Hand Luke,1967,127,"Crime, Drama",8.1,Stuart Rosenberg,161984,16217773
The Graduate,1967,106,"Comedy, Drama, Romance",8,Mike Nichols,253676,104945305
In the Heat of the Night,1967,110,"Crime, Drama, Mystery",7.9,Norman Jewison,67804,24379978
Wait Until Dark,1967,108,Thriller,7.8,Terence Young,27733,17550741
Guess Who's Coming to Dinner,1967,108,"Comedy, Drama",7.8,Stanley Kramer,39642,56700000
The Dirty Dozen,1967,150,"Action, Adventure, War",7.7,Robert Aldrich,67183,45300000
Belle de jour,1967,100,"Drama, Romance",7.7,Luis Buñuel,40274,26331
The Jungle Book,1967,78,"Animation, Adventure, Family",7.6,Wolfgang Reitherman,166409,141843612
Once Upon a Time in the West,1968,165,Western,8.5,Sergio Leone,302844,5321508
2001: A Space Odyssey,1968,149,"Adventure, Sci-Fi",8.3,Stanley Kubrick,603517,56954992
Planet of the Apes,1968,112,"Adventure, Sci-Fi",8,Franklin J. Schaffner,165167,33395426
Night of the Living Dead,1968,96,"Horror, Thriller",7.9,George A. Romero,116557,89029
The Lion in Winter,1968,134,"Biography, Drama, History",7.9,Anthony Harvey,29003,22276975
The Odd Couple,1968,105,Comedy,7.7,Gene Saks,31572,44527234
Butch Cassidy and the Sundance Kid,1969,110,"Biography, Crime, Drama",8,George Roy Hill,201888,102308889
The Wild Bunch,1969,145,"Action, Adventure, Western",7.9,Sam Peckinpah,77401,12064472
Midnight Cowboy,1969,113,Drama,7.8,John Schlesinger,101124,44785053
Il conformista,1970,113,Drama,8,Bernardo Bertolucci,27067,541940
Patton,1970,172,"Biography, Drama, War",7.9,Franklin J. Schaffner,93741,61700000
Kelly's Heroes,1970,144,"Adventure, Comedy, War",7.6,Brian G. Hutton,45338,1378435
A Clockwork Orange,1971,136,"Crime, Drama, Sci-Fi",8.3,Stanley Kubrick,757904,6207725
The Last Picture Show,1971,118,"Drama, Romance",8,Peter Bogdanovich,42456,29133000
Fiddler on the Roof,1971,181,"Drama, Family, Musical",8,Norman Jewison,39491,80500000
Willy Wonka & the Chocolate Factory,1971,100,"Family, Fantasy, Musical",7.8,Mel Stuart,178731,4000000
The French Connection,1971,104,"Action, Crime, Drama",7.7,William Friedkin,110075,15630710
Dirty Harry,1971,102,"Action, Crime, Thriller",7.7,Don Siegel,143292,35900000
Giù la testa,1971,157,"Drama, War, Western",7.6,Sergio Leone,30144,696690
The Godfather,1972,175,"Crime, Drama",9.2,Francis Ford Coppola,1620367,134966411
Viskningar och rop,1972,91,Drama,8.1,Ingmar Bergman,30206,1742348
Sleuth,1972,138,"Mystery, Thriller",8,Joseph L. Mankiewicz,44748,4081254
Le charme discret de la bourgeoisie,1972,102,Comedy,7.9,Luis Buñuel,38737,198809
Cabaret,1972,124,"Drama, Music, Musical",7.8,Bob Fosse,48334,42765000
Deliverance,1972,109,"Adventure, Drama, Thriller",7.7,John Boorman,98740,7056013
The Sting,1973,129,"Comedy, Crime, Drama",8.3,George Roy Hill,241513,159600000
Paper Moon,1973,102,"Comedy, Crime, Drama",8.1,Peter Bogdanovich,42285,30933743
Papillon,1973,151,"Biography, Crime, Drama",8,Franklin J. Schaffner,121627,53267000
The Exorcist,1973,122,Horror,8,William Friedkin,362393,232906145
La montaña sagrada,1973,114,"Adventure, Drama, Fantasy",7.9,Alejandro Jodorowsky,37183,61001
La planète sauvage,1973,72,"Animation, Sci-Fi",7.8,René Laloux,25229,193817
The Day of the Jackal,1973,143,"Crime, Drama, Thriller",7.8,Fred Zinnemann,37445,16056255
Serpico,1973,130,"Biography, Crime, Drama",7.7,Sidney Lumet,109941,29800000
Enter the Dragon,1973,102,"Action, Crime, Drama",7.7,Robert Clouse,96561,25000000
The Long Goodbye,1973,112,"Comedy, Crime, Drama",7.6,Robert Altman,26337,959000
The Godfather: Part II,1974,202,"Crime, Drama",9,Francis Ford Coppola,1129952,57300000
Chinatown,1974,130,"Drama, Mystery, Thriller",8.1,Roman Polanski,294230,29000000
Young Frankenstein,1974,106,Comedy,8,Mel Brooks,143359,86300000
The Conversation,1974,113,"Drama, Mystery, Thriller",7.8,Francis Ford Coppola,98611,4420000
Blazing Saddles,1974,93,"Comedy, Western",7.7,Mel Brooks,125993,119500000
One Flew Over the Cuckoo's Nest,1975,133,Drama,8.7,Milos Forman,918088,112000000
Monty Python and the Holy Grail,1975,91,"Adventure, Comedy, Fantasy",8.2,Terry Gilliam,500875,1229197
Zerkalo,1975,107,"Biography, Drama",8.1,Andrei Tarkovsky,40081,177345
Jaws,1975,124,"Adventure, Thriller",8,Steven Spielberg,543388,260000000
Dog Day Afternoon,1975,125,"Biography, Crime, Drama",8,Sidney Lumet,235652,50000000
Taxi Driver,1976,114,"Crime, Drama",8.3,Martin Scorsese,724636,28262574
Rocky,1976,120,"Drama, Sport",8.1,John G. Avildsen,518546,117235247
All the President's Men,1976,138,"Biography, Drama, History",7.9,Alan J. Pakula,103031,70600000
The Outlaw Josey Wales,1976,135,Western,7.8,Clint Eastwood,65659,31800000
Le locataire,1976,126,"Drama, Thriller",7.7,Roman Polanski,39889,1924733
Star Wars,1977,121,"Action, Adventure, Fantasy",8.6,George Lucas,1231473,322740140
Annie Hall,1977,93,"Comedy, Romance",8,Woody Allen,251823,39200000
Close Encounters of the Third Kind,1977,138,"Drama, Sci-Fi",7.6,Steven Spielberg,184966,132088635
The Deer Hunter,1978,183,"Drama, War",8.1,Michael Cimino,311361,48979328
Dawn of the Dead,1978,127,"Action, Adventure, Horror",7.9,George A. Romero,111512,5100000
Halloween,1978,91,"Horror, Thriller",7.7,John Carpenter,233106,47000000
Midnight Express,1978,121,"Biography, Crime, Drama",7.6,Alan Parker,73662,35000000
Apocalypse Now,1979,147,"Drama, Mystery, War",8.4,Francis Ford Coppola,606398,83471511
Alien,1979,117,"Horror, Sci-Fi",8.4,Ridley Scott,787806,78900000
Stalker,1979,162,"Drama, Sci-Fi",8.2,Andrei Tarkovsky,116945,234723
Life of Brian,1979,94,Comedy,8.1,Terry Jones,367250,20045115
Being There,1979,130,"Comedy, Drama",8,Hal Ashby,65625,30177511
Manhattan,1979,96,"Comedy, Drama, Romance",7.9,Woody Allen,131436,45700000
All That Jazz,1979,123,"Drama, Music, Musical",7.9,Bob Fosse,28223,37823676
Kramer vs. Kramer,1979,105,Drama,7.8,Robert Benton,133351,106260000
The Warriors,1979,92,"Action, Crime, Thriller",7.6,Walter Hill,93878,22490039
The Muppet Movie,1979,95,"Adventure, Comedy, Family",7.6,James Frawley,32802,76657000
Escape from Alcatraz,1979,112,"Action, Biography, Crime",7.6,Don Siegel,121731,43000000
Star Wars: Episode V - The Empire Strikes Back,1980,124,"Action, Adventure, Fantasy",8.7,Irvin Kershner,1159315,290475067
The Shining,1980,146,"Drama, Horror",8.4,Stanley Kubrick,898237,44017374
Raging Bull,1980,129,"Biography, Drama, Sport",8.2,Martin Scorsese,321860,23383987
The Blues Brothers,1980,133,"Action, Adventure, Comedy",7.9,John Landis,183182,57229890
Ordinary People,1980,124,Drama,7.7,Robert Redford,47099,54800000
Airplane!,1980,88,Comedy,7.7,Jim Abrahams,214882,83400000
Raiders of the Lost Ark,1981,115,"Action, Adventure",8.4,Steven Spielberg,884112,248159971
Das Boot,1981,149,"Adventure, Drama, Thriller",8.3,Wolfgang Petersen,231855,11487676
On Golden Pond,1981,109,Drama,7.6,Mark Rydell,27650,119285432
Mad Max 2,1981,96,"Action, Adventure, Sci-Fi",7.6,George Miller,166588,12465371
The Thing,1982,109,"Horror, Mystery, Sci-Fi",8.1,John Carpenter,371271,13782838
Pink Floyd: The Wall,1982,95,"Drama, Fantasy, Music",8.1,Alan Parker,76081,22244207
Fanny och Alexander,1982,188,Drama,8.1,Ingmar Bergman,57784,4971340
Blade Runner,1982,117,"Action, Sci-Fi, Thriller",8.1,Ridley Scott,693827,32868943
Gandhi,1982,191,"Biography, Drama, History",8,Richard Attenborough,217664,52767889
The King of Comedy,1982,109,"Comedy, Crime, Drama",7.8,Martin Scorsese,88511,2500000
E.T. the Extra-Terrestrial,1982,115,"Family, Sci-Fi",7.8,Steven Spielberg,372490,435110554
The Verdict,1982,129,Drama,7.7,Sidney Lumet,36096,54000000
Star Trek II: The Wrath of Khan,1982,113,"Action, Adventure, Sci-Fi",7.7,Nicholas Meyer,112704,78912963
First Blood,1982,93,"Action, Adventure",7.7,Ted Kotcheff,226541,47212904
Scarface,1983,170,"Crime, Drama",8.3,Brian De Palma,740911,45598982
Star Wars: Episode VI - Return of the Jedi,1983,131,"Action, Adventure, Fantasy",8.3,Richard Marquand,950470,309125409
A Christmas Story,1983,93,"Comedy, Family",7.9,Bob Clark,132947,20605209
The Right Stuff,1983,193,"Adventure, Biography, Drama",7.8,Philip Kaufman,56235,21500000
Zelig,1983,79,Comedy,7.7,Woody Allen,39881,11798616
Once Upon a Time in America,1984,229,"Crime, Drama",8.4,Sergio Leone,311365,5321508
Amadeus,1984,160,"Biography, Drama, History",8.3,Milos Forman,369007,51973029
"Paris, Texas",1984,145,Drama,8.1,Wim Wenders,91188,2181987
Kaze no tani no Naushika,1984,117,"Animation, Adventure, Fantasy",8.1,Hayao Miyazaki,150924,495770
The Terminator,1984,107,"Action, Sci-Fi",8,James Cameron,799795,38400000
This Is Spinal Tap,1984,82,"Comedy, Music",7.9,Rob Reiner,128812,188751
The Killing Fields,1984,141,"Biography, Drama, History",7.8,Roland Joffé,51585,34700291
Ghostbusters,1984,105,"Action, Comedy, Fantasy",7.8,Ivan Reitman,355413,238632124
Blood Simple,1984,99,"Crime, Drama, Thriller",7.6,Joel Coen,87745,2150000
Back to the Future,1985,116,"Adventure, Comedy, Sci-Fi",8.5,Robert Zemeckis,1058081,210609762
Ran,1985,162,"Action, Drama, War",8.2,Akira Kurosawa,112505,4135750
Brazil,1985,132,"Drama, Sci-Fi",7.9,Terry Gilliam,187567,9929135
The Goonies,1985,114,"Adventure, Comedy, Family",7.8,Richard Donner,244430,61503218
The Color Purple,1985,154,Drama,7.8,Steven Spielberg,78321,98467863
The Breakfast Club,1985,97,"Comedy, Drama",7.8,John Hughes,357026,45875171
The Purple Rose of Cairo,1985,82,"Comedy, Fantasy, Romance",7.7,Woody Allen,47102,10631333
After Hours,1985,97,"Comedy, Crime, Drama",7.7,Martin Scorsese,59635,10600000
Aliens,1986,137,"Action, Adventure, Sci-Fi",8.3,James Cameron,652719,85160248
Stand by Me,1986,89,"Adventure, Drama",8.1,Rob Reiner,363401,52287414
Platoon,1986,120,"Drama, War",8.1,Oliver Stone,381222,138530565
Hannah and Her Sisters,1986,107,"Comedy, Drama",7.9,Woody Allen,67176,40084041
Ferris Bueller's Day Off,1986,103,Comedy,7.8,John Hughes,321382,70136369
Down by Law,1986,107,"Comedy, Crime, Drama",7.8,Jim Jarmusch,47834,1436000
Der Name der Rose,1986,130,"Crime, Drama, Mystery",7.7,Jean-Jacques Annaud,102031,7153487
Blue Velvet,1986,120,"Drama, Mystery, Thriller",7.7,David Lynch,181285,8551228
Full Metal Jacket,1987,116,"Drama, War",8.3,Stanley Kubrick,675146,46357676
The Princess Bride,1987,98,"Adventure, Family, Fantasy",8,Rob Reiner,393899,30857814
Der Himmel über Berlin,1987,128,"Drama, Fantasy, Romance",8,Wim Wenders,64722,3333969
Au revoir les enfants,1987,104,"Drama, War",8,Louis Malle,31163,4542825
The Untouchables,1987,119,"Crime, Drama, Thriller",7.9,Brian De Palma,281842,76270454
Predator,1987,107,"Action, Adventure, Sci-Fi",7.8,John McTiernan,371387,59735548
Evil Dead II,1987,84,"Action, Comedy, Fantasy",7.8,Sam Raimi,148359,5923044
Withnail & I,1987,107,"Comedy, Drama",7.7,Bruce Robinson,40396,1544889
The Last Emperor,1987,163,"Biography, Drama, History",7.7,Bernardo Bertolucci,94326,43984230
Empire of the Sun,1987,153,"Action, Drama, History",7.7,Steven Spielberg,115677,22238696
"Planes, Trains & Automobiles",1987,93,"Comedy, Drama",7.6,John Hughes,124773,49530280
Lethal Weapon,1987,109,"Action, Crime, Thriller",7.6,Richard Donner,236894,65207127
Nuovo Cinema Paradiso,1988,155,"Drama, Romance",8.5,Giuseppe Tornatore,230763,11990401
Dom za vesanje,1988,142,"Comedy, Crime, Drama",8.2,Emir Kusturica,26402,280015
Tonari no Totoro,1988,86,"Animation, Family, Fantasy",8.2,Hayao Miyazaki,291180,1105564
Die Hard,1988,132,"Action, Thriller",8.2,John McTiernan,793164,83008852
Rain Man,1988,133,Drama,8,Barry Levinson,473064,178800000
Akira,1988,124,"Animation, Action, Sci-Fi",8,Katsuhiro Ôtomo,164918,553171
Mississippi Burning,1988,128,"Crime, Drama, History",7.8,Alan Parker,88214,34603943
Who Framed Roger Rabbit,1988,104,"Animation, Adventure, Comedy",7.7,Robert Zemeckis,182009,156452370
The Naked Gun: From the Files of Police Squad!,1988,85,"Comedy, Crime",7.6,David Zucker,152871,78756177
Indiana Jones and the Last Crusade,1989,127,"Action, Adventure",8.2,Steven Spielberg,692366,197171806
Dead Poets Society,1989,128,"Comedy, Drama",8.1,Peter Weir,425457,95860116
Do the Right Thing,1989,120,"Comedy, Drama",8,Spike Lee,89429,27545445
My Left Foot: The Story of Christy Brown,1989,103,"Biography, Drama",7.9,Jim Sheridan,68076,14743391
Crimes and Misdemeanors,1989,104,"Comedy, Drama",7.9,Woody Allen,54670,18254702
Glory,1989,122,"Biography, Drama, History",7.8,Edward Zwick,122779,26830000
Back to the Future Part II,1989,108,"Adventure, Comedy, Sci-Fi",7.8,Robert Zemeckis,481918,118500000
When Harry Met Sally...,1989,95,"Comedy, Drama, Romance",7.6,Rob Reiner,195663,92823600
The Little Mermaid,1989,83,"Animation, Family, Fantasy",7.6,Ron Clements,237696,111543479
Goodfellas,1990,146,"Biography, Crime, Drama",8.7,Martin Scorsese,1020727,46836394
Dances with Wolves,1990,181,"Adventure, Drama, Western",8,Kevin Costner,240266,184208848
Edward Scissorhands,1990,105,"Drama, Fantasy, Romance",7.9,Tim Burton,447368,56362352
Misery,1990,107,"Drama, Thriller",7.8,Rob Reiner,184740,61276872
Awakenings,1990,121,"Biography, Drama",7.8,Penny Marshall,125276,52096475
Miller's Crossing,1990,115,"Crime, Drama, Thriller",7.7,Joel Coen,125822,5080409
Home Alone,1990,103,"Comedy, Family",7.6,Chris Columbus,488817,285761243
The Godfather: Part III,1990,162,"Crime, Drama",7.6,Francis Ford Coppola,359809,66666062
The Silence of the Lambs,1991,118,"Crime, Drama, Thriller",8.6,Jonathan Demme,1270197,130742922
Terminator 2: Judgment Day,1991,137,"Action, Sci-Fi",8.5,James Cameron,995506,204843350
Dà hóng denglong gaogao guà,1991,125,"Drama, History, Romance",8.1,Yimou Zhang,29662,2603061
JFK,1991,189,"Drama, History, Thriller",8,Oliver Stone,142110,70405498
Beauty and the Beast,1991,84,"Animation, Family, Fantasy",8,Gary Trousdale,417178,218967620
Night on Earth,1991,129,"Comedy, Drama",7.8,Jim Jarmusch,55362,2015810
La double vie de Véronique,1991,98,"Drama, Fantasy, Music",7.8,Krzysztof Kieslowski,42376,1999955
Boyz n the Hood,1991,112,"Crime, Drama",7.8,John Singleton,126082,57504069
Fried Green Tomatoes,1991,130,Drama,7.7,Jon Avnet,66941,82418501
Barton Fink,1991,116,"Comedy, Drama, Thriller",7.7,Joel Coen,113240,6153939
Omohide poro poro,1991,118,"Animation, Drama, Romance",7.6,Isao Takahata,27071,453243
Delicatessen,1991,99,"Comedy, Crime",7.6,Marc Caro,80487,1794187
Reservoir Dogs,1992,99,"Crime, Drama, Thriller",8.3,Quentin Tarantino,918562,2832029
Unforgiven,1992,130,"Drama, Western",8.2,Clint Eastwood,375935,101157447
Scent of a Woman,1992,156,Drama,8,Martin Brest,263918,63895607
Aladdin,1992,90,"Animation, Adventure, Comedy",8,Ron Clements,373845,217350219
The Muppet Christmas Carol,1992,85,"Comedy, Drama, Family",7.7,Brian Henson,50298,27281507
Malcolm X,1992,202,"Biography, Drama, History",7.7,Spike Lee,85819,48169908
The Last of the Mohicans,1992,112,"Action, Adventure, Drama",7.7,Michael Mann,150409,75505856
Glengarry Glen Ross,1992,100,"Crime, Drama, Mystery",7.7,James Foley,95826,10725228
A Few Good Men,1992,138,"Drama, Thriller",7.7,Rob Reiner,235388,141340178
My Cousin Vinny,1992,120,"Comedy, Crime",7.6,Jonathan Lynn,107325,52929168
Schindler's List,1993,195,"Biography, Drama, History",8.9,Steven Spielberg,1213505,96898818
Jurassic Park,1993,127,"Action, Adventure, Sci-Fi",8.1,Steven Spielberg,867615,402453882
In the Name of the Father,1993,133,"Biography, Crime, Drama",8.1,Jim Sheridan,156842,25010410
Ba wang bie ji,1993,171,"Drama, Music, Romance",8.1,Kaige Chen,25088,5216888
The Nightmare Before Christmas,1993,76,"Animation, Family, Fantasy",8,Henry Selick,300208,75082668
Groundhog Day,1993,101,"Comedy, Fantasy, Romance",8,Harold Ramis,577991,70906973
Bound by Honor,1993,180,"Crime, Drama",8,Taylor Hackford,28825,4496583
True Romance,1993,119,"Crime, Drama, Romance",7.9,Tony Scott,206918,12281500
Trois couleurs: Bleu,1993,94,"Drama, Music, Mystery",7.9,Krzysztof Kieslowski,89836,1324974
Carlito's Way,1993,144,"Crime, Drama, Thriller",7.9,Brian De Palma,201000,36948322
What's Eating Gilbert Grape,1993,118,Drama,7.8,Lasse Hallström,215034,9170214
Tombstone,1993,130,"Action, Biography, Drama",7.8,George P. Cosmatos,126871,56505065
The Sandlot,1993,101,"Comedy, Drama, Family",7.8,David Mickey Evans,78963,32416586
The Remains of the Day,1993,134,"Drama, Romance",7.8,James Ivory,66065,22954968
Naked,1993,132,"Comedy, Drama",7.8,Mike Leigh,34635,1769305
The Fugitive,1993,130,"Action, Crime, Drama",7.8,Andrew Davis,267684,183875760
A Bronx Tale,1993,121,"Crime, Drama, Romance",7.8,Robert De Niro,128171,17266971
Batman: Mask of the Phantasm,1993,76,"Animation, Action, Crime",7.8,Kevin Altieri,43690,5617391
Short Cuts,1993,188,"Comedy, Drama",7.7,Robert Altman,42275,6110979
Philadelphia,1993,125,Drama,7.7,Jonathan Demme,224169,77324422
Falling Down,1993,113,"Action, Crime, Drama",7.6,Joel Schumacher,171640,40903593
Dazed and Confused,1993,102,Comedy,7.6,Richard Linklater,165465,7993039
The Shawshank Redemption,1994,142,Drama,9.3,Frank Darabont,2343110,28341469
Pulp Fiction,1994,154,"Crime, Drama",8.9,Quentin Tarantino,1826188,107928762
Forrest Gump,1994,142,"Drama, Romance",8.8,Robert Zemeckis,1809221,330252182
Léon,1994,110,"Action, Crime, Drama",8.5,Luc Besson,1035236,19501238
The Lion King,1994,88,"Animation, Adventure, Drama",8.5,Roger Allers,942045,422783777
Trois couleurs: Rouge,1994,99,"Drama, Mystery, Romance",8.1,Krzysztof Kieslowski,90729,4043686
Chung Hing sam lam,1994,102,"Comedy, Crime, Drama",8.1,Kar-Wai Wong,63122,600200
Once Were Warriors,1994,102,"Crime, Drama",7.9,Lee Tamahori,31590,2201126
Ed Wood,1994,127,"Biography, Comedy, Drama",7.8,Tim Burton,164937,5887457
Il postino,1994,108,"Biography, Comedy, Drama",7.7,Michael Radford,33600,21848932
Clerks,1994,92,Comedy,7.7,Kevin Smith,211450,3151130
Trois couleurs: Blanc,1994,92,"Comedy, Drama, Romance",7.6,Krzysztof Kieslowski,64390,1464625
Se7en,1995,127,"Crime, Drama, Mystery",8.6,David Fincher,1445096,100125643
The Usual Suspects,1995,106,"Crime, Mystery, Thriller",8.5,Bryan Singer,991208,23341568
Toy Story,1995,81,"Animation, Adventure, Comedy",8.3,John Lasseter,887429,191796233
Braveheart,1995,178,"Biography, Drama, History",8.3,Mel Gibson,959181,75600000
Heat,1995,170,"Crime, Drama, Thriller",8.2,Michael Mann,577113,67436818
Casino,1995,178,"Crime, Drama",8.2,Martin Scorsese,466276,42438300
Underground,1995,170,"Comedy, Drama, War",8.1,Emir Kusturica,55220,171082
La haine,1995,98,"Crime, Drama",8.1,Mathieu Kassovitz,150345,309811
Before Sunrise,1995,101,"Drama, Romance",8.1,Richard Linklater,272291,5535405
Twelve Monkeys,1995,129,"Mystery, Sci-Fi, Thriller",8,Terry Gilliam,578443,57141459
Kôkaku Kidôtai,1995,83,"Animation, Action, Crime",8,Mamoru Oshii,129231,515905
A Little Princess,1995,97,"Drama, Family, Fantasy",7.7,Alfonso Cuarón,32236,10019307
Sense and Sensibility,1995,136,"Drama, Romance",7.6,Ang Lee,102598,43182776
Die Hard: With a Vengeance,1995,128,"Action, Adventure, Thriller",7.6,John McTiernan,364420,100012499
Dead Man,1995,121,"Adventure, Drama, Fantasy",7.6,Jim Jarmusch,90442,1037847
The Bridges of Madison County,1995,135,"Drama, Romance",7.6,Clint Eastwood,73172,71516617
Trainspotting,1996,93,Drama,8.1,Danny Boyle,634716,16501785
Fargo,1996,98,"Crime, Drama, Thriller",8.1,Joel Coen,617444,24611975
Sling Blade,1996,135,Drama,8,Billy Bob Thornton,86838,24475416
Secrets & Lies,1996,136,"Comedy, Drama",8,Mike Leigh,37564,13417292
Breaking the Waves,1996,159,Drama,7.8,Lars von Trier,62428,4040691
Shine,1996,105,"Biography, Drama, Music",7.7,Scott Hicks,51350,35811509
Primal Fear,1996,129,"Crime, Drama, Mystery",7.7,Gregory Hoblit,189716,56116183
Hamlet,1996,242,Drama,7.7,Kenneth Branagh,35991,4414535
Sleepers,1996,147,"Crime, Drama, Thriller",7.6,Barry Levinson,186734,49100000
La vita è bella,1997,116,"Comedy, Drama, Romance",8.6,Roberto Benigni,623629,57598247
Mononoke-hime,1997,134,"Animation, Action, Adventure",8.4,Hayao Miyazaki,343171,2375308
Good Will Hunting,1997,126,"Drama, Romance",8.3,Gus Van Sant,861606,138433435
Bacheha-Ye aseman,1997,89,"Drama, Family, Sport",8.3,Majid Majidi,65341,933933
L.A. Confidential,1997,138,"Crime, Drama, Mystery",8.2,Curtis Hanson,531967,64616940
Pâfekuto burû,1997,81,"Animation, Crime, Mystery",8,Satoshi Kon,58192,776665
Knockin' on Heaven's Door,1997,87,"Action, Crime, Comedy",8,Thomas Jahn,27721,3296
Boogie Nights,1997,155,Drama,7.9,Paul Thomas Anderson,239473,26400640
Titanic,1997,194,"Drama, Romance",7.8,James Cameron,1046089,659325379
Hana-bi,1997,103,"Crime, Drama, Romance",7.8,Takeshi Kitano,27712,233986
Gattaca,1997,106,"Drama, Sci-Fi, Thriller",7.8,Andrew Niccol,280845,12339633
The Game,1997,129,"Action, Drama, Mystery",7.8,David Fincher,345096,48323648
Abre los ojos,1997,119,"Drama, Mystery, Sci-Fi",7.7,Alejandro Amenábar,64082,368234
As Good as It Gets,1997,139,"Comedy, Drama, Romance",7.7,James L. Brooks,275755,148478011
The Fifth Element,1997,126,"Action, Adventure, Sci-Fi",7.7,Luc Besson,434125,63540020
Donnie Brasco,1997,127,"Biography, Crime, Drama",7.7,Mike Newell,279318,41909762
Lost Highway,1997,134,"Mystery, Thriller",7.6,David Lynch,131101,3796699
Saving Private Ryan,1998,169,"Drama, War",8.6,Steven Spielberg,1235804,216540909
American History X,1998,119,Drama,8.5,Tony Kaye,1034705,6719864
"Lock, Stock and Two Smoking Barrels",1998,107,"Action, Comedy, Crime",8.2,Guy Ritchie,535216,3897569
La leggenda del pianista sull'oceano,1998,169,"Drama, Music, Romance",8.1,Giuseppe Tornatore,59020,259127
The Truman Show,1998,103,"Comedy, Drama",8.1,Peter Weir,939631,125618201
"Crna macka, beli macor",1998,127,"Comedy, Crime, Romance",8.1,Emir Kusturica,50862,348660
The Big Lebowski,1998,117,"Comedy, Crime, Sport",8.1,Joel Coen,732620,17498804
Festen,1998,105,Drama,8,Thomas Vinterberg,78341,1647780
Central do Brasil,1998,110,Drama,8,Walter Salles,36419,5595428
Happiness,1998,134,"Comedy, Drama",7.7,Todd Solondz,66408,2807390
Rushmore,1998,93,"Comedy, Drama, Romance",7.7,Wes Anderson,169229,17105219
Le dîner de cons,1998,80,Comedy,7.7,Francis Veber,37424,4065116
Lola rennt,1998,81,"Crime, Drama, Thriller",7.6,Tom Tykwer,188317,7267585
The Thin Red Line,1998,170,"Drama, War",7.6,Terrence Malick,172710,36400491
Mulan,1998,88,"Animation, Adventure, Family",7.6,Tony Bancroft,256906,120620254
Fear and Loathing in Las Vegas,1998,118,"Adventure, Comedy, Drama",7.6,Terry Gilliam,259753,10680275
Dark City,1998,100,"Mystery, Sci-Fi, Thriller",7.6,Alex Proyas,187927,14378331
Fight Club,1999,139,Drama,8.8,David Fincher,1854740,37030102
The Matrix,1999,136,"Action, Sci-Fi",8.7,Lana Wachowski,1676426,171479930
The Green Mile,1999,189,"Crime, Drama, Fantasy",8.6,Frank Darabont,1147794,136801374
American Beauty,1999,122,Drama,8.3,Sam Mendes,1069738,130096601
The Sixth Sense,1999,107,"Drama, Mystery, Thriller",8.1,M. Night Shyamalan,911573,293506292
Magnolia,1999,188,Drama,8,Paul Thomas Anderson,289742,22455976
The Straight Story,1999,112,"Biography, Drama",8,David Lynch,82002,6203044
The Iron Giant,1999,86,"Animation, Action, Adventure",8,Brad Bird,172083,23159305
Toy Story 2,1999,92,"Animation, Adventure, Comedy",7.9,John Lasseter,527512,245852179
Todo sobre mi madre,1999,101,Drama,7.8,Pedro Almodóvar,89058,8264530
The Boondock Saints,1999,108,"Action, Crime, Thriller",7.8,Troy Duffy,227143,25812
The Insider,1999,157,"Biography, Drama, Thriller",7.8,Michael Mann,159886,28965197
October Sky,1999,108,"Biography, Drama, Family",7.8,Joe Johnston,82855,32481825
"South Park: Bigger, Longer & Uncut",1999,81,"Animation, Comedy, Fantasy",7.7,Trey Parker,192112,52037603
Office Space,1999,89,Comedy,7.7,Mike Judge,241575,10824921
Being John Malkovich,1999,113,"Comedy, Drama, Fantasy",7.7,Spike Jonze,312542,22858926
The Hurricane,1999,146,"Biography, Drama, Sport",7.6,Norman Jewison,91557,50668906
Gladiator,2000,155,"Action, Adventure, Drama",8.5,Ridley Scott,1341460,187705427
Memento,2000,113,"Mystery, Thriller",8.4,Christopher Nolan,1125712,25544867
Snatch,2000,104,"Comedy, Crime",8.3,Guy Ritchie,782001,30328156
Requiem for a Dream,2000,102,Drama,8.3,Darren Aronofsky,766870,3635482
Amores perros,2000,154,"Drama, Thriller",8.1,Alejandro G. Iñárritu,223741,5383834
Fa yeung nin wah,2000,98,"Drama, Romance",8.1,Kar-Wai Wong,124383,2734044
Dancer in the Dark,2000,140,"Crime, Drama, Musical",8,Lars von Trier,102285,4184036
Nueve reinas,2000,114,"Crime, Drama, Thriller",7.9,Fabián Bielinsky,49721,1221261
Almost Famous,2000,122,"Adventure, Comedy, Drama",7.9,Cameron Crowe,252586,32534850
Remember the Titans,2000,113,"Biography, Drama, Sport",7.8,Boaz Yakin,198089,115654751
Wo hu cang long,2000,120,"Action, Adventure, Fantasy",7.8,Ang Lee,253228,128078872
Cast Away,2000,143,"Adventure, Drama, Romance",7.8,Robert Zemeckis,524235,233632142
Billy Elliot,2000,110,"Drama, Music",7.7,Stephen Daldry,126770,21995263
Vampire Hunter D: Bloodlust,2000,103,"Animation, Action, Fantasy",7.7,Yoshiaki Kawajiri,29210,151086
"O Brother, Where Art Thou?",2000,107,"Adventure, Comedy, Crime",7.7,Joel Coen,286742,45512588
American Psycho,2000,101,"Comedy, Crime, Drama",7.6,Mary Harron,490062,15070285
The Lord of the Rings: The Fellowship of the Ring,2001,178,"Action, Adventure, Drama",8.8,Peter Jackson,1661481,315544750
Sen to Chihiro no kamikakushi,2001,125,"Animation, Adventure, Family",8.6,Hayao Miyazaki,651376,10055859
Amélie,2001,122,"Comedy, Romance",8.3,Jean-Pierre Jeunet,703810,33225499
A Beautiful Mind,2001,135,"Biography, Drama",8.2,Ron Howard,848920,170742341
Dil Chahta Hai,2001,183,"Comedy, Drama, Romance",8.1,Farhan Akhtar,66803,300000
"Monsters, Inc.",2001,92,"Animation, Adventure, Comedy",8.1,Pete Docter,815505,289916256
Lagaan: Once Upon a Time in India,2001,224,"Adventure, Drama, Musical",8.1,Ashutosh Gowariker,105036,70147
Donnie Darko,2001,113,"Drama, Mystery, Sci-Fi",8,Richard Kelly,740086,1480006
No Man's Land,2001,98,"Comedy, Drama, War",7.9,Danis Tanovic,44618,1059830
Cowboy Bebop: Tengoku no tobira,2001,115,"Animation, Action, Crime",7.9,Shin'ichirô Watanabe,42897,1000045
Mulholland Dr.,2001,147,"Drama, Mystery, Thriller",7.9,David Lynch,322031,7220243
Waking Life,2001,99,"Animation, Drama, Fantasy",7.8,Richard Linklater,60684,2892011
Shrek,2001,90,"Animation, Adventure, Comedy",7.8,Andrew Adamson,613941,267665011
I Am Sam,2001,132,Drama,7.7,Jessie Nelson,142863,40311852
Black Hawk Down,2001,144,"Drama, History, War",7.7,Ridley Scott,364254,108638745
Das Experiment,2001,120,"Drama, Thriller",7.7,Oliver Hirschbiegel,90842,141072
Hedwig and the Angry Inch,2001,95,"Comedy, Drama, Music",7.7,John Cameron Mitchell,31957,3029081
Ocean's Eleven,2001,116,"Crime, Thriller",7.7,Steven Soderbergh,516372,183417150
Training Day,2001,122,"Crime, Drama, Thriller",7.7,Antoine Fuqua,390247,76631907
The Royal Tenenbaums,2001,110,"Comedy, Drama",7.6,Wes Anderson,266842,52364010
Y tu mamá también,2001,106,Drama,7.6,Alfonso Cuarón,115827,13622333
Harry Potter and the Sorcerer's Stone,2001,152,"Adventure, Family, Fantasy",7.6,Chris Columbus,658185,317575550
The Others,2001,101,"Horror, Mystery, Thriller",7.6,Alejandro Amenábar,337651,96522687
Blow,2001,124,"Biography, Crime, Drama",7.6,Ted Demme,240714,52990775
Enemy at the Gates,2001,131,"Drama, History, War",7.6,Jean-Jacques Annaud,243729,51401758
The Lord of the Rings: The Two Towers,2002,179,"Action, Adventure, Drama",8.7,Peter Jackson,1485555,342551365
Cidade de Deus,2002,130,"Crime, Drama",8.6,Fernando Meirelles,699256,7563397
The Pianist,2002,150,"Biography, Drama, Music",8.5,Roman Polanski,729603,32572577
Catch Me If You Can,2002,141,"Biography, Crime, Drama",8.1,Steven Spielberg,832846,164615351
Mou gaan dou,2002,101,"Action, Crime, Drama",8,Andrew Lau,117857,169659
Ying xiong,2002,120,"Action, Adventure, History",7.9,Yimou Zhang,173999,53710019
Hable con ella,2002,112,"Drama, Mystery, Romance",7.9,Pedro Almodóvar,104691,9284265
The Bourne Identity,2002,119,"Action, Mystery, Thriller",7.9,Doug Liman,508771,121661683
Lilja 4-ever,2002,109,"Crime, Drama",7.8,Lukas Moodysson,42673,181655
The Count of Monte Cristo,2002,131,"Action, Adventure, Drama",7.8,Kevin Reynolds,129022,54234062
The Magdalene Sisters,2002,114,Drama,7.7,Peter Mullan,25938,4890878
In America,2002,105,Drama,7.7,Jim Sheridan,40403,15539266
Adaptation.,2002,115,"Comedy, Drama",7.7,Spike Jonze,178565,22245861
Road to Perdition,2002,117,"Crime, Drama, Thriller",7.7,Sam Mendes,246840,104454762
Boksuneun naui geot,2002,129,"Crime, Drama, Thriller",7.6,Chan-wook Park,62659,45289
25th Hour,2002,135,Drama,7.6,Spike Lee,169708,13060843
28 Days Later...,2002,113,"Drama, Horror, Sci-Fi",7.6,Danny Boyle,376853,45064915
Minority Report,2002,145,"Action, Crime, Mystery",7.6,Steven Spielberg,508417,132072926
The Lord of the Rings: The Return of the King,2003,201,"Action, Adventure, Drama",8.9,Peter Jackson,1642758,377845905
Oldeuboi,2003,101,"Action, Drama, Mystery",8.4,Chan-wook Park,515451,707481
Salinui chueok,2003,131,"Crime, Drama, Mystery",8.1,Bong Joon Ho,139558,14131
Kill Bill: Vol. 1,2003,111,"Action, Crime, Drama",8.1,Quentin Tarantino,1000639,70099045
Finding Nemo,2003,100,"Animation, Adventure, Comedy",8.1,Andrew Stanton,949565,380843261
Vozvrashchenie,2003,110,Drama,8,Andrey Zvyagintsev,42399,502028
Bom Yeoareum Gaeul Gyeoul Geurigo Bom,2003,103,"Drama, Romance",8,Ki-duk Kim,77520,2380788
Kal Ho Naa Ho,2003,186,"Comedy, Drama, Musical",8,Nikkhil Advani,63460,1787378
Pirates of the Caribbean: The Curse of the Black Pearl,2003,143,"Action, Adventure, Fantasy",8,Gore Verbinski,1015122,305413918
Big Fish,2003,125,"Adventure, Drama, Fantasy",8,Tim Burton,415218,66257002
Dogville,2003,178,"Crime, Drama",8,Lars von Trier,137963,1530386
Mystic River,2003,138,"Crime, Drama, Mystery",7.9,Clint Eastwood,419420,90135191
Tôkyô goddofâzâzu,2003,90,"Animation, Adventure, Comedy",7.8,Satoshi Kon,31658,128985
Ondskan,2003,113,Drama,7.8,Mikael Håfström,35682,15280
Les triplettes de Belleville,2003,80,"Animation, Comedy, Drama",7.8,Sylvain Chomet,50622,7002255
Lost in Translation,2003,102,"Comedy, Drama",7.7,Sofia Coppola,415074,44585453
The Last Samurai,2003,154,"Action, Drama",7.7,Edward Zwick,400049,111110575
Good Bye Lenin!,2003,121,"Comedy, Drama, Romance",7.7,Wolfgang Becker,137981,4064200
Jeux d'enfants,2003,93,"Comedy, Drama, Romance",7.6,Yann Samuell,67360,548707
The Station Agent,2003,89,"Comedy, Drama",7.6,Tom McCarthy,67370,5739376
21 Grams,2003,124,"Crime, Drama, Thriller",7.6,Alejandro G. Iñárritu,224545,16290476
Eternal Sunshine of the Spotless Mind,2004,108,"Drama, Romance, Sci-Fi",8.3,Michel Gondry,911664,34400301
"Swades: We, the People",2004,210,Drama,8.2,Ashutosh Gowariker,83005,1223240
Der Untergang,2004,156,"Biography, Drama, History",8.2,Oliver Hirschbiegel,331308,5509040
Hauru no ugoku shiro,2004,119,"Animation, Adventure, Family",8.2,Hayao Miyazaki,333915,4711096
Million Dollar Baby,2004,132,"Drama, Sport",8.1,Clint Eastwood,635975,100492203
Hotel Rwanda,2004,121,"Biography, Drama, History",8.1,Terry George,334320,23530892
Taegukgi hwinalrimyeo,2004,140,"Action, Drama, War",8.1,Je-kyu Kang,37820,1111061
Before Sunset,2004,80,"Drama, Romance",8.1,Richard Linklater,236311,5820649
Bin-jip,2004,88,"Crime, Drama, Romance",8,Ki-duk Kim,50610,238507
Kill Bill: Vol. 2,2004,137,"Action, Crime, Thriller",8,Quentin Tarantino,683900,66208183
The Incredibles,2004,115,"Animation, Action, Adventure",8,Brad Bird,657047,261441092
Les choristes,2004,97,"Drama, Music",7.9,Christophe Barratier,57430,3635164
Shaun of the Dead,2004,99,"Comedy, Horror",7.9,Edgar Wright,512249,13542874
Harry Potter and the Prisoner of Azkaban,2004,142,"Adventure, Family, Fantasy",7.9,Alfonso Cuarón,552493,249358727
Veer-Zaara,2004,192,"Drama, Family, Musical",7.8,Yash Chopra,49050,2921738
The Notebook,2004,123,"Drama, Romance",7.8,Nick Cassavetes,520284,81001787
Diarios de motocicleta,2004,126,"Adventure, Biography, Drama",7.8,Walter Salles,96703,16756372
Crash,2004,112,"Crime, Drama, Thriller",7.7,Paul Haggis,419483,54580300
Kung fu,2004,99,"Action, Comedy, Fantasy",7.7,Stephen Chow,127250,17108591
The Bourne Supremacy,2004,108,"Action, Mystery, Thriller",7.7,Paul Greengrass,434841,176241941
The Machinist,2004,101,"Drama, Thriller",7.7,Brad Anderson,358432,1082715
Ray,2004,152,"Biography, Drama, Music",7.7,Taylor Hackford,138356,75331600
Man on Fire,2004,146,"Action, Crime, Drama",7.7,Tony Scott,329592,77911774
Dead Man's Shoes,2004,90,"Crime, Drama, Thriller",7.6,Shane Meadows,49728,6013
Saw,2004,103,"Horror, Mystery, Thriller",7.6,James Wan,379020,56000369
Mysterious Skin,2004,105,Drama,7.6,Gregg Araki,65939,697181
Un long dimanche de fiançailles,2004,133,"Drama, Mystery, Romance",7.6,Jean-Pierre Jeunet,70925,6167817
Finding Neverland,2004,106,"Biography, Drama, Family",7.6,Marc Forster,198677,51680613
The Butterfly Effect,2004,113,"Drama, Sci-Fi, Thriller",7.6,Eric Bress,451479,57938693
V for Vendetta,2005,132,"Action, Drama, Sci-Fi",8.2,James McTeigue,1032749,70511035
Black,2005,122,Drama,8.2,Sanjay Leela Bhansali,33354,733094
Batman Begins,2005,140,"Action, Adventure",8.2,Christopher Nolan,1308302,206852432
Sin City,2005,124,"Crime, Thriller",8,Frank Miller,738512,74103820
Cinderella Man,2005,144,"Biography, Drama, History",8,Ron Howard,176151,61649911
Adams æbler,2005,94,"Comedy, Crime, Drama",7.8,Anders Thomas Jensen,45717,1305
Pride & Prejudice,2005,129,"Drama, Romance",7.8,Joe Wright,258924,38405088
The World's Fastest Indian,2005,127,"Biography, Drama, Sport",7.8,Roger Donaldson,51980,5128124
Serenity,2005,119,"Action, Adventure, Sci-Fi",7.8,Joss Whedon,283310,25514517
Walk the Line,2005,136,"Biography, Drama, Music",7.8,James Mangold,234207,119519402
Joyeux Noël,2005,116,"Drama, History, Music",7.7,Christian Carion,28003,1054361
Brokeback Mountain,2005,134,"Drama, Romance",7.7,Ang Lee,323103,83043761
Harry Potter and the Goblet of Fire,2005,157,"Adventure, Family, Fantasy",7.7,Mike Newell,548619,290013036
Match Point,2005,124,"Drama, Romance, Thriller",7.6,Woody Allen,206294,23089926
Lord of War,2005,122,"Action, Crime, Drama",7.6,Andrew Niccol,294140,24149632
The Prestige,2006,130,"Drama, Mystery, Sci-Fi",8.5,Christopher Nolan,1190259,53089891
The Departed,2006,151,"Crime, Drama, Thriller",8.5,Martin Scorsese,1189773,132384315
The Lives of Others,2006,137,"Drama, Mystery, Thriller",8.4,Florian Henckel von Donnersmarck,358685,11286112
Pan's Labyrinth,2006,118,"Drama, Fantasy, War",8.2,Guillermo del Toro,618623,37634615
Rang De Basanti,2006,167,"Comedy, Crime, Drama",8.2,Rakeysh Omprakash Mehra,111937,2197331
Lage Raho Munna Bhai,2006,144,"Comedy, Drama, Romance",8.1,Rajkumar Hirani,43137,2217561
The Pursuit of Happyness,2006,117,"Biography, Drama",8,Gabriele Muccino,448930,163566459
Blood Diamond,2006,143,"Adventure, Drama, Thriller",8,Edward Zwick,499439,57366262
Casino Royale,2006,144,"Action, Adventure, Thriller",8,Martin Campbell,582239,167445960
Letters from Iwo Jima,2006,141,"Action, Adventure, Drama",7.9,Clint Eastwood,154011,13756082
The Fall,2006,117,"Adventure, Drama, Fantasy",7.9,Tarsem Singh,107290,2280348
Children of Men,2006,109,"Adventure, Drama, Sci-Fi",7.9,Alfonso Cuarón,465113,35552383
Apocalypto,2006,139,"Action, Adventure, Drama",7.8,Mel Gibson,291018,50866635
Little Miss Sunshine,2006,101,"Comedy, Drama",7.8,Jonathan Dayton,439856,59891098
Papurika,2006,90,"Animation, Drama, Fantasy",7.7,Satoshi Kon,71379,881302
This Is England,2006,101,"Crime, Drama",7.7,Shane Meadows,115576,327919
Efter brylluppet,2006,120,Drama,7.7,Susanne Bier,32001,412544
The Last King of Scotland,2006,123,"Biography, Drama, History",7.7,Kevin Macdonald,175355,17605861
Lucky Number Slevin,2006,110,"Action, Crime, Drama",7.7,Paul McGuigan,299524,22494487
Zwartboek,2006,145,"Drama, Thriller, War",7.7,Paul Verhoeven,72643,4398392
Inside Man,2006,129,"Crime, Drama, Mystery",7.6,Spike Lee,339757,88513495
Huo Yuan Jia,2006,104,"Action, Biography, Drama",7.6,Ronny Yu,72863,24633730
The Illusionist,2006,110,"Drama, Fantasy, Mystery",7.6,Neil Burger,354728,39868642
300,2006,117,"Action, Drama",7.6,Zack Snyder,732876,210614939
Taare Zameen Par,2007,165,"Drama, Family",8.4,Aamir Khan,168895,1223869
Chak De! India,2007,153,"Drama, Family, Sport",8.2,Shimit Amin,74129,1113541
There Will Be Blood,2007,158,Drama,8.2,Paul Thomas Anderson,517359,40222514
Into the Wild,2007,148,"Adventure, Biography, Drama",8.1,Sean Penn,572921,18354356
No Country for Old Men,2007,122,"Crime, Drama, Thriller",8.1,Ethan Coen,856916,74283625
Tropa de Elite,2007,115,"Action, Crime, Drama",8,José Padilha,98097,8060
Persepolis,2007,96,"Animation, Biography, Drama",8,Vincent Paronnaud,88656,4445756
The Bourne Ultimatum,2007,115,"Action, Mystery, Thriller",8,Paul Greengrass,604694,227471070
Le scaphandre et le papillon,2007,112,"Biography, Drama",8,Julian Schnabel,103284,5990075
Ratatouille,2007,111,"Animation, Adventure, Comedy",8,Brad Bird,641645,206445654
Jab We Met,2007,138,"Comedy, Drama, Romance",7.9,Imtiaz Ali,47720,410800
"4 luni, 3 saptamâni si 2 zile",2007,113,Drama,7.9,Cristian Mungiu,56625,1185783
Once,2007,86,"Drama, Music, Romance",7.8,John Carney,110656,9439923
Auf der anderen Seite,2007,122,Drama,7.8,Fatih Akin,30827,741283
Atonement,2007,123,"Drama, Mystery, Romance",7.8,Joe Wright,251370,50927067
American Gangster,2007,157,"Biography, Crime, Drama",7.8,Ridley Scott,392449,130164645
Hot Fuzz,2007,121,"Action, Comedy, Mystery",7.8,Edgar Wright,463466,23637265
Zodiac,2007,157,"Crime, Drama, Mystery",7.7,David Fincher,466080,33080084
Control,2007,122,"Biography, Drama, Music",7.7,Anton Corbijn,61609,871577
3:10 to Yuma,2007,122,"Action, Crime, Drama",7.7,James Mangold,288797,53606916
The Visitor,2007,104,Drama,7.6,Tom McCarthy,41544,9422422
Eastern Promises,2007,100,"Action, Crime, Drama",7.6,David Cronenberg,227760,17114882
Stardust,2007,127,"Adventure, Family, Fantasy",7.6,Matthew Vaughn,255036,38634938
Gone Baby Gone,2007,114,"Crime, Drama, Mystery",7.6,Ben Affleck,250590,20300218
La Vie En Rose,2007,140,"Biography, Drama, Music",7.6,Olivier Dahan,82781,10301706
The Dark Knight,2008,152,"Action, Crime, Drama",9,Christopher Nolan,2303232,534858444
WALL·E,2008,98,"Animation, Adventure, Family",8.4,Andrew Stanton,999790,223808164
Gran Torino,2008,116,Drama,8.1,Clint Eastwood,720450,148095302
Okuribito,2008,130,"Drama, Music",8.1,Yôjirô Takita,48582,1498210
Slumdog Millionaire,2008,120,"Drama, Romance",8,Danny Boyle,798882,141319928
Låt den rätte komma in,2008,114,"Crime, Drama, Fantasy",7.9,Tomas Alfredson,205609,2122065
The Wrestler,2008,109,"Drama, Sport",7.9,Darren Aronofsky,289415,26236603
In Bruges,2008,107,"Comedy, Crime, Drama",7.9,Martin McDonagh,390334,7757130
Iron Man,2008,126,"Action, Adventure, Sci-Fi",7.9,Jon Favreau,939644,318412101
Taken,2008,90,"Action, Thriller",7.8,Pierre Morel,564791,145000989
The Boy in the Striped Pyjamas,2008,94,"Drama, History, War",7.8,Mark Herman,190748,9030581
The Curious Case of Benjamin Button,2008,166,"Drama, Fantasy, Romance",7.8,David Fincher,589160,127509326
Gake no ue no Ponyo,2008,101,"Animation, Adventure, Comedy",7.7,Hayao Miyazaki,125317,15090400
Frost/Nixon,2008,122,"Biography, Drama, History",7.7,Ron Howard,103330,18593156
Changeling,2008,141,"Biography, Crime, Drama",7.7,Clint Eastwood,239203,35739802
Seven Pounds,2008,123,Drama,7.6,Gabriele Muccino,286770,69951824
"Synecdoche, New York",2008,124,Drama,7.6,Charlie Kaufman,83158,3081925
3 Idiots,2009,170,"Comedy, Drama",8.4,Rajkumar Hirani,344445,6532908
Inglourious Basterds,2009,153,"Adventure, Drama, War",8.3,Quentin Tarantino,1267869,120540719
El secreto de sus ojos,2009,129,"Drama, Mystery, Romance",8.2,Juan José Campanella,193217,6391436
Up,2009,96,"Animation, Adventure, Comedy",8.2,Pete Docter,935507,293004164
Darbareye Elly,2009,119,"Drama, Mystery",8,Asghar Farhadi,45803,106662
Dev.D,2009,144,"Drama, Romance",8,Anurag Kashyap,28749,10950
Un prophète,2009,155,"Crime, Drama",7.9,Jacques Audiard,93560,2084637
Moon,2009,97,"Drama, Mystery, Sci-Fi",7.9,Duncan Jones,335152,5009677
District 9,2009,112,"Action, Sci-Fi, Thriller",7.9,Neill Blomkamp,638202,115646235
Star Trek,2009,127,"Action, Adventure, Sci-Fi",7.9,J.J. Abrams,577336,257730019
Fantastic Mr. Fox,2009,87,"Animation, Adventure, Comedy",7.9,Wes Anderson,199696,21002919
Madeo,2009,129,"Crime, Drama, Mystery",7.8,Bong Joon Ho,52758,547292
Das weiße Band - Eine deutsche Kindergeschichte,2009,144,"Drama, History, Mystery",7.8,Michael Haneke,68715,2222647
Män som hatar kvinnor,2009,152,"Crime, Drama, Mystery",7.8,Niels Arden Oplev,208994,10095170
Avatar,2009,162,"Action, Adventure, Fantasy",7.8,James Cameron,1118998,760507625
Mr. Nobody,2009,141,"Drama, Fantasy, Romance",7.8,Jaco Van Dormael,216421,3600
The Hangover,2009,100,Comedy,7.7,Todd Phillips,717559,277322503
(500) Days of Summer,2009,95,"Comedy, Drama, Romance",7.7,Marc Webb,472242,32391374
Coraline,2009,100,"Animation, Drama, Family",7.7,Henry Selick,197761,75286229
Zombieland,2009,88,"Adventure, Comedy, Fantasy",7.6,Ruben Fleischer,520041,75590286
Sherlock Holmes,2009,128,"Action, Adventure, Mystery",7.6,Guy Ritchie,583158,209028679
The Blind Side,2009,129,"Biography, Drama, Sport",7.6,John Lee Hancock,293266,255959475
The Secret of Kells,2009,71,"Animation, Adventure, Family",7.6,Tomm Moore,31779,686383
Harry Potter and the Half-Blood Prince,2009,153,"Action, Adventure, Family",7.6,David Yates,474827,301959197
Watchmen,2009,162,"Action, Drama, Mystery",7.6,Zack Snyder,500799,107509799
Inception,2010,148,"Action, Adventure, Sci-Fi",8.8,Christopher Nolan,2067042,292576195
Incendies,2010,131,"Drama, Mystery, War",8.3,Denis Villeneuve,150023,6857096
Udaan,2010,134,Drama,8.2,Vikramaditya Motwane,42341,7461
Shutter Island,2010,138,"Mystery, Thriller",8.2,Martin Scorsese,1129894,128012934
Toy Story 3,2010,103,"Animation, Adventure, Comedy",8.2,Lee Unkrich,757032,415004880
How to Train Your Dragon,2010,98,"Animation, Action, Adventure",8.1,Dean DeBlois,666773,217581231
Tropa de Elite 2: O Inimigo Agora é Outro,2010,115,"Action, Crime, Drama",8,José Padilha,79200,100119
The King's Speech,2010,118,"Biography, Drama, History",8,Tom Hooper,639603,138797449
My Name Is Khan,2010,165,Drama,8,Karan Johar,98575,4018695
Black Swan,2010,108,"Drama, Thriller",8,Darren Aronofsky,699673,106954678
Ang-ma-reul bo-at-da,2010,144,"Action, Crime, Drama",7.8,Jee-woon Kim,111252,128392
Ajeossi,2010,119,"Action, Crime, Drama",7.8,Jeong-beom Lee,62848,6460
The Fighter,2010,116,"Biography, Drama, Sport",7.8,David O. Russell,340584,93617009
The Social Network,2010,120,"Biography, Drama",7.7,David Fincher,624982,96962694
Harry Potter and the Deathly Hallows: Part 1,2010,146,"Adventure, Family, Fantasy",7.7,David Yates,479120,295983305
Flipped,2010,90,"Comedy, Drama, Romance",7.7,Rob Reiner,81446,1752214
Tangled,2010,100,"Animation, Adventure, Comedy",7.7,Nathan Greno,405922,200821936
Kari-gurashi no Arietti,2010,94,"Animation, Adventure, Family",7.6,Hiromasa Yonebayashi,80939,19202743
True Grit,2010,110,"Drama, Western",7.6,Ethan Coen,311822,171243005
Hævnen,2010,118,"Drama, Romance",7.6,Susanne Bier,38491,1008098
Despicable Me,2010,95,"Animation, Comedy, Crime",7.6,Pierre Coffin,500851,251513985
Kick-Ass,2010,117,"Action, Comedy, Crime",7.6,Matthew Vaughn,524081,48071303
The Intouchables,2011,112,"Biography, Comedy, Drama",8.5,Olivier Nakache,760360,13182281
Jodaeiye Nader az Simin,2011,123,Drama,8.3,Asghar Farhadi,220002,7098492
Warrior,2011,140,"Action, Drama, Sport",8.2,Gavin O'Connor,435950,13657115
Zindagi Na Milegi Dobara,2011,155,"Comedy, Drama",8.1,Zoya Akhtar,67927,3108485
Harry Potter and the Deathly Hallows: Part 2,2011,130,"Adventure, Drama, Fantasy",8.1,David Yates,764493,381011219
The Help,2011,146,Drama,8,Tate Taylor,428521,169708112
Bir Zamanlar Anadolu'da,2011,157,"Crime, Drama",7.9,Nuri Bilge Ceylan,41995,138730
The Artist,2011,100,"Comedy, Drama, Romance",7.9,Michel Hazanavicius,230624,44671682
The Girl with the Dragon Tattoo,2011,158,"Crime, Drama, Mystery",7.8,David Fincher,423010,102515793
Drive,2011,100,"Crime, Drama",7.8,Nicolas Winding Refn,571571,35061555
Rockstar,2011,159,"Drama, Music, Musical",7.7,Imtiaz Ali,39501,985912
Detachment,2011,98,Drama,7.7,Tony Kaye,77071,71177
Midnight in Paris,2011,96,"Comedy, Fantasy, Romance",7.7,Woody Allen,388089,56816662
X: First Class,2011,131,"Action, Adventure, Sci-Fi",7.7,Matthew Vaughn,645512,146408305
Serbuan maut,2011,101,"Action, Thriller",7.6,Gareth Evans,190531,4105123
50/50,2011,100,"Comedy, Drama, Romance",7.6,Jonathan Levine,315426,35014192
Moneyball,2011,133,"Biography, Drama, Sport",7.6,Bennett Miller,369529,75605492
La piel que habito,2011,120,"Drama, Horror, Thriller",7.6,Pedro Almodóvar,138959,3185812
Django Unchained,2012,165,"Drama, Western",8.4,Quentin Tarantino,1357682,162805434
The Dark Knight Rises,2012,164,"Action, Adventure",8.4,Christopher Nolan,1516346,448139099
Jagten,2012,115,Drama,8.3,Thomas Vinterberg,281623,687185
Paan Singh Tomar,2012,135,"Action, Biography, Crime",8.2,Tigmanshu Dhulia,33237,39567
OMG: Oh My God!,2012,125,"Comedy, Drama, Fantasy",8.1,Umesh Shukla,51739,923221
Barfi!,2012,151,"Comedy, Drama, Romance",8.1,Anurag Basu,75721,2804874
Kahaani,2012,122,"Mystery, Thriller",8.1,Sujoy Ghosh,57806,1035953
The Perks of Being a Wallflower,2012,103,"Drama, Romance",8,Stephen Chbosky,462252,17738570
The Avengers,2012,143,"Action, Adventure, Sci-Fi",8,Joss Whedon,1260806,623279547
Amour,2012,127,"Drama, Romance",7.9,Michael Haneke,93090,6739492
Life of Pi,2012,127,"Adventure, Drama, Fantasy",7.9,Ang Lee,580708,124987023
Vicky Donor,2012,126,"Comedy, Romance",7.8,Shoojit Sircar,39710,169209
English Vinglish,2012,134,"Comedy, Drama, Family",7.8,Gauri Shinde,33618,1670773
Moonrise Kingdom,2012,94,"Comedy, Drama, Romance",7.8,Wes Anderson,318789,45512466
The Hobbit: An Unexpected Journey,2012,169,"Adventure, Fantasy",7.8,Peter Jackson,757377,303003568
The Broken Circle Breakdown,2012,111,"Drama, Music, Romance",7.7,Felix van Groeningen,39379,175058
Wreck-It Ralph,2012,101,"Animation, Adventure, Comedy",7.7,Rich Moore,380195,189422889
Skyfall,2012,143,"Action, Adventure, Thriller",7.7,Sam Mendes,630614,304360277
Silver Linings Playbook,2012,122,"Comedy, Drama, Romance",7.7,David O. Russell,661871,132092958
Argo,2012,120,"Biography, Drama, Thriller",7.7,Ben Affleck,572581,136025503
End of Watch,2012,109,"Action, Crime, Drama",7.6,David Ayer,228132,41003371
Queen,2013,146,"Adventure, Comedy, Drama",8.2,Vikas Bahl,60701,1429534
Mandariinid,2013,87,"Drama, War",8.2,Zaza Urushadze,40382,144501
Bhaag Milkha Bhaag,2013,186,"Biography, Drama, Sport",8.2,Rakeysh Omprakash Mehra,61137,1626289
The Wolf of Wall Street,2013,180,"Biography, Crime, Drama",8.2,Martin Scorsese,1187498,116900694
12 Years a Slave,2013,134,"Biography, Drama, History",8.1,Steve McQueen,640533,56671993
Rush,2013,123,"Action, Biography, Drama",8.1,Ron Howard,432811,26947624
Prisoners,2013,153,"Crime, Drama, Mystery",8.1,Denis Villeneuve,601149,61002302
Kaguyahime no monogatari,2013,137,"Animation, Adventure, Drama",8,Isao Takahata,38746,1506975
Special Chabbis,2013,144,"Crime, Drama, Thriller",8,Neeraj Pandey,51069,1079369
Short Term 12,2013,96,Drama,8,Destin Daniel Cretton,81770,1010414
Her,2013,126,"Drama, Romance, Sci-Fi",8,Spike Jonze,540772,25568251
Dallas Buyers Club,2013,117,"Biography, Drama",8,Jean-Marc Vallée,441614,27298285
Before Midnight,2013,109,"Drama, Romance",7.9,Richard Linklater,141457,8114627
Le passé,2013,130,"Drama, Mystery",7.8,Asghar Farhadi,45002,1330596
La grande bellezza,2013,141,Drama,7.8,Paolo Sorrentino,81125,2852400
The Lunchbox,2013,104,"Drama, Romance",7.8,Ritesh Batra,50523,4231500
About Time,2013,123,"Comedy, Drama, Fantasy",7.8,Richard Curtis,303032,15322921
Kaze tachinu,2013,126,"Animation, Biography, Drama",7.8,Hayao Miyazaki,73690,5209580
La migliore offerta,2013,131,"Crime, Drama, Mystery",7.8,Giuseppe Tornatore,108399,85433
Captain Phillips,2013,134,"Adventure, Biography, Crime",7.8,Paul Greengrass,421244,107100855
The Hobbit: The Desolation of Smaug,2013,161,"Adventure, Fantasy",7.8,Peter Jackson,601408,258366855
La vie d'Adèle,2013,180,"Drama, Romance",7.7,Abdellatif Kechiche,138741,2199675
Kai po che!,2013,130,"Drama, Sport",7.7,Abhishek Kapoor,32628,1122527
Nebraska,2013,115,"Adventure, Comedy, Drama",7.7,Alexander Payne,112298,17654912
Gravity,2013,91,"Drama, Sci-Fi, Thriller",7.7,Alfonso Cuarón,769145,274092705
Star Trek Into Darkness,2013,132,"Action, Adventure, Sci-Fi",7.7,J.J. Abrams,463188,228778661
Philomena,2013,98,"Biography, Comedy, Drama",7.6,Stephen Frears,94212,37707719
Interstellar,2014,169,"Adventure, Drama, Sci-Fi",8.6,Christopher Nolan,1512360,188020017
Whiplash,2014,106,"Drama, Music",8.5,Damien Chazelle,717585,13092000
Mommy,2014,139,Drama,8.1,Xavier Dolan,50700,3492754
Haider,2014,160,"Action, Crime, Drama",8.1,Vishal Bhardwaj,50445,901610
Relatos salvajes,2014,122,"Comedy, Drama, Thriller",8.1,Damián Szifron,177059,3107072
Kis Uykusu,2014,196,Drama,8.1,Nuri Bilge Ceylan,46547,165520
PK,2014,153,"Comedy, Drama, Musical",8.1,Rajkumar Hirani,163061,10616104
The Grand Budapest Hotel,2014,99,"Adventure, Comedy, Crime",8.1,Wes Anderson,707630,59100318
Gone Girl,2014,149,"Drama, Mystery, Thriller",8.1,David Fincher,859695,167767189
Song of the Sea,2014,93,"Animation, Adventure, Drama",8.1,Tomm Moore,51679,857524
Serbuan maut 2: Berandal,2014,150,"Action, Crime, Thriller",8,Gareth Evans,114316,2625803
The Imitation Game,2014,114,"Biography, Drama, Thriller",8,Morten Tyldum,685201,91125683
Guardians of the Galaxy,2014,121,"Action, Adventure, Comedy",8,James Gunn,1043455,333176600
Mar adentro,2014,126,"Biography, Drama",8,Alejandro Amenábar,77554,2086345
Nightcrawler,2014,117,"Crime, Drama, Thriller",7.9,Dan Gilroy,466134,32381218
X-Men: Days of Future Past,2014,132,"Action, Adventure, Sci-Fi",7.9,Bryan Singer,659763,233921534
Edge of Tomorrow,2014,113,"Action, Adventure, Sci-Fi",7.9,Doug Liman,600004,100206256
Boyhood,2014,165,Drama,7.9,Richard Linklater,335533,25379975
Big Hero 6,2014,102,"Animation, Action, Adventure",7.8,Don Hall,410983,222527828
How to Train Your Dragon 2,2014,102,"Animation, Action, Adventure",7.8,Dean DeBlois,305611,177002924
What We Do in the Shadows,2014,86,"Comedy, Horror",7.7,Jemaine Clement,157498,3333000
Omoide no Mânî,2014,103,"Animation, Drama, Family",7.7,James Simone,32798,765127
The Theory of Everything,2014,123,"Biography, Drama, Romance",7.7,James Marsh,404182,35893537
Kingsman: The Secret Service,2014,129,"Action, Adventure, Comedy",7.7,Matthew Vaughn,590440,128261724
The Fault in Our Stars,2014,126,"Drama, Romance",7.7,Josh Boone,344312,124872350
Birdman or (The Unexpected Virtue of Ignorance),2014,119,"Comedy, Drama",7.7,Alejandro G. Iñárritu,580291,42340598
Captain America: The Winter Soldier,2014,136,"Action, Adventure, Sci-Fi",7.7,Anthony Russo,736182,259766572
The Lego Movie,2014,100,"Animation, Action, Adventure",7.7,Christopher Miller,323982,257760692
Ex Machina,2014,108,"Drama, Sci-Fi, Thriller",7.7,Alex Garland,474141,25442958
Leviafan,2014,140,"Crime, Drama",7.6,Andrey Zvyagintsev,49397,1092800
Dawn of the Planet of the Apes,2014,130,"Action, Adventure, Drama",7.6,Matt Reeves,411599,208545589
Talvar,2015,132,"Crime, Drama, Mystery",8.2,Meghna Gulzar,31142,342370
Drishyam,2015,163,"Crime, Drama, Mystery",8.2,Nishikant Kamat,70367,739478
Room,2015,118,"Drama, Thriller",8.1,Lenny Abrahamson,371538,14677674
Inside Out,2015,95,"Animation, Adventure, Comedy",8.1,Pete Docter,616228,356461711
Spotlight,2015,129,"Biography, Crime, Drama",8.1,Tom McCarthy,420316,45055776
Mad Max: Fury Road,2015,120,"Action, Adventure, Sci-Fi",8.1,George Miller,882316,154058340
Bajrangi Bhaijaan,2015,163,"Action, Adventure, Comedy",8,Kabir Khan,72245,8178001
The Martian,2015,144,"Adventure, Drama, Sci-Fi",8,Ridley Scott,760094,228433663
Bãhubali: The Beginning,2015,159,"Action, Drama",8,S.S. Rajamouli,102972,6738000
The Revenant,2015,156,"Action, Adventure, Drama",8,Alejandro G. Iñárritu,705589,183637894
Star Wars: Episode VII - The Force Awakens,2015,138,"Action, Adventure, Sci-Fi",7.9,J.J. Abrams,860823,936662225
Under sandet,2015,100,"Drama, History, War",7.8,Martin Zandvliet,35539,435266
The Hateful Eight,2015,168,"Crime, Drama, Mystery",7.8,Quentin Tarantino,517059,54117416
The Big Short,2015,130,"Biography, Comedy, Drama",7.8,Adam McKay,362942,70259870
Straight Outta Compton,2015,147,"Biography, Drama, History",7.8,F. Gary Gray,179264,161197785
En man som heter Ove,2015,116,"Comedy, Drama, Romance",7.7,Hannes Holm,47444,3358518
Me and Earl and the Dying Girl,2015,105,"Comedy, Drama",7.7,Alfonso Gomez-Rejon,123210,6743776
Le Petit Prince,2015,108,"Animation, Adventure, Drama",7.7,Mark Osborne,56720,1339152
Beasts of No Nation,2015,137,"Drama, War",7.7,Cary Joji Fukunaga,73964,83861
Mustang,2015,97,Drama,7.6,Deniz Gamze Ergüven,35785,845464
Bridge of Spies,2015,142,"Drama, History, Thriller",7.6,Steven Spielberg,287659,72313754
Sicario,2015,121,"Action, Crime, Drama",7.6,Denis Villeneuve,371291,46889293
Creed,2015,133,"Drama, Sport",7.6,Ryan Coogler,247666,109767581
Kimi no na wa.,2016,106,"Animation, Drama, Fantasy",8.4,Makoto Shinkai,194838,5017246
Dangal,2016,161,"Action, Biography, Drama",8.4,Nitesh Tiwari,156479,12391761
Pink,2016,136,"Drama, Thriller",8.1,Aniruddha Roy Chowdhury,39216,1241223
Ah-ga-ssi,2016,145,"Drama, Romance, Thriller",8.1,Chan-wook Park,113649,2006788
Hacksaw Ridge,2016,139,"Biography, Drama, History",8.1,Mel Gibson,435928,67209615
La La Land,2016,128,"Comedy, Drama, Music",8,Damien Chazelle,505918,151101803
Lion,2016,118,"Biography, Drama",8,Garth Davis,213970,51739495
Zootopia,2016,108,"Animation, Adventure, Comedy",8,Byron Howard,434143,341268248
Deadpool,2016,108,"Action, Adventure, Comedy",8,Tim Miller,902669,363070709
"I, Daniel Blake",2016,100,Drama,7.9,Ken Loach,53818,258168
Hunt for the Wilderpeople,2016,101,"Adventure, Comedy, Drama",7.9,Taika Waititi,111483,5202582
Captain Fantastic,2016,118,"Comedy, Drama",7.9,Matt Ross,189400,5875006
Sing Street,2016,106,"Comedy, Drama, Music",7.9,John Carney,85109,3237118
Arrival,2016,116,"Drama, Sci-Fi",7.9,Denis Villeneuve,594181,100546139
Forushande,2016,124,Drama,7.8,Asghar Farhadi,51240,2402067
Hidden Figures,2016,127,"Biography, Drama, History",7.8,Theodore Melfi,200876,169607287
Kubo and the Two Strings,2016,101,"Animation, Action, Adventure",7.8,Travis Knight,118035,48023088
M.S. Dhoni: The Untold Story,2016,184,"Biography, Drama, Sport",7.8,Neeraj Pandey,40416,1782795
Manchester by the Sea,2016,137,Drama,7.8,Kenneth Lonergan,246963,47695120
Rogue One,2016,133,"Action, Adventure, Sci-Fi",7.8,Gareth Edwards,556608,532177324
Captain America: Civil War,2016,147,"Action, Adventure, Sci-Fi",7.8,Anthony Russo,663649,408084349
Moana,2016,107,"Animation, Adventure, Comedy",7.6,Ron Clements,272784,248757044
Hell or High Water,2016,102,"Action, Crime, Drama",7.6,David Mackenzie,204175,26862450
Coco,2017,105,"Animation, Adventure, Family",8.4,Lee Unkrich,384171,209726015
"Three Billboards Outside Ebbing, Missouri",2017,115,"Comedy, Crime, Drama",8.2,Martin McDonagh,432610,54513740
Baahubali 2: The Conclusion,2017,167,"Action, Drama",8.2,S.S. Rajamouli,75348,20186659
Logan,2017,137,"Action, Drama, Sci-Fi",8.1,James Mangold,647884,226277068
Wonder,2017,113,"Drama, Family",8,Stephen Chbosky,141923,132422809
Blade Runner 2049,2017,164,"Action, Drama, Mystery",8,Denis Villeneuve,461823,92054159
Call Me by Your Name,2017,132,"Drama, Romance",7.9,Luca Guadagnino,212651,18095701
Thor: Ragnarok,2017,130,"Action, Adventure, Comedy",7.9,Taika Waititi,587775,315058289
Dunkirk,2017,106,"Action, Drama, History",7.8,Christopher Nolan,555092,188373161
Paddington 2,2017,103,"Adventure, Comedy, Family",7.8,Paul King,61594,40442052
Loving Vincent,2017,94,"Animation, Biography, Crime",7.8,Dorota Kobiela,50778,6735118
God's Own Country,2017,104,"Drama, Romance",7.7,Francis Lee,25198,335609
Wind River,2017,107,"Crime, Drama, Mystery",7.7,Taylor Sheridan,205444,33800859
Get Out,2017,104,"Horror, Mystery, Thriller",7.7,Jordan Peele,492851,176040665
Nelyubov,2017,127,Drama,7.6,Andrey Zvyagintsev,29765,566356
The Florida Project,2017,111,Drama,7.6,Sean Baker,95181,5904366
Gifted,2017,101,Drama,7.6,Marc Webb,99643,24801212
Guardians of the Galaxy Vol. 2,2017,136,"Action, Adventure, Comedy",7.6,James Gunn,569974,389813101
Baby Driver,2017,113,"Action, Crime, Drama",7.6,Edgar Wright,439406,107825862
Only the Brave,2017,134,"Action, Biography, Drama",7.6,Joseph Kosinski,58371,18340051
Capharnaüm,2018,126,Drama,8.4,Nadine Labaki,62635,1661096
Spider-Man: Into the Spider-Verse,2018,117,"Animation, Action, Adventure",8.4,Bob Persichetti,375110,190241310
Avengers: Infinity War,2018,149,"Action, Adventure, Sci-Fi",8.4,Anthony Russo,834477,678815482
Andhadhun,2018,139,"Crime, Drama, Music",8.3,Sriram Raghavan,71875,1373943
Uri: The Surgical Strike,2018,138,"Action, Drama, War",8.2,Aditya Dhar,43444,4186168
Green Book,2018,130,"Biography, Comedy, Drama",8.2,Peter Farrelly,377884,85080171
Bohemian Rhapsody,2018,134,"Biography, Drama, Music",8,Bryan Singer,450349,216428042
Manbiki kazoku,2018,121,"Crime, Drama",7.9,Hirokazu Koreeda,62754,3313513
Isle of Dogs,2018,101,"Animation, Adventure, Comedy",7.9,Wes Anderson,139114,32015231
Deadpool 2,2018,119,"Action, Adventure, Comedy",7.7,David Leitch,478586,324591735
Mission: Impossible - Fallout,2018,147,"Action, Adventure, Thriller",7.7,Christopher McQuarrie,291257,220159104
Searching,2018,102,"Drama, Mystery, Thriller",7.6,Aneesh Chaganty,140840,26020957
Incredibles 2,2018,118,"Animation, Action, Adventure",7.6,Brad Bird,250057,608581744
A Star Is Born,2018,136,"Drama, Music, Romance",7.6,Bradley Cooper,334312,215288866
Gisaengchung,2019,132,"Comedy, Drama, Thriller",8.6,Bong Joon Ho,552778,53367844
Joker,2019,122,"Crime, Drama, Thriller",8.5,Todd Phillips,939252,335451311
Avengers: Endgame,2019,181,"Action, Adventure, Drama",8.4,Anthony Russo,809955,858373000
1917,2019,119,"Drama, Thriller, War",8.3,Sam Mendes,425844,159227644
Chhichhore,2019,143,"Comedy, Drama",8.2,Nitesh Tiwari,33893,898575
Portrait de la jeune fille en feu,2019,122,"Drama, Romance",8.1,Céline Sciamma,63134,3759854
Ford v Ferrari,2019,152,"Action, Biography, Drama",8.1,James Mangold,291289,117624028
Gully Boy,2019,154,"Drama, Music, Romance",8,Zoya Akhtar,31886,5566534
Knives Out,2019,130,"Comedy, Crime, Drama",7.9,Rian Johnson,454203,165359751
Marriage Story,2019,137,"Comedy, Drama, Romance",7.9,Noah Baumbach,246644,2000000
Jojo Rabbit,2019,108,"Comedy, Drama, War",7.9,Taika Waititi,297918,349555
The Irishman,2019,209,"Biography, Crime, Drama",7.9,Martin Scorsese,324720,7000000
Little Women,2019,135,"Drama, Romance",7.8,Greta Gerwig,143250,108101214
Toy Story 4,2019,100,"Animation, Adventure, Comedy",7.8,Josh Cooley,203177,434038008
Once Upon a Time... in Hollywood,2019,161,"Comedy, Drama",7.6,Quentin Tarantino,551309,142502728
The Peanut Butter Falcon,2019,97,"Adventure, Comedy, Drama",7.6,Tyler Nilson,66346,13122642
